plugin,classification,zh-CN-desktop,zh-CN-narrow,en-US-desktop,en-US-narrow,limits
"agent-plan-message","visual","AUTOMATED_CHECKS_PASSED","AUTOMATED_CHECKS_PASSED","AUTOMATED_CHECKS_PASSED","AUTOMATED_CHECKS_PASSED","Scenario evidence only; no screenshot-diff baseline or exhaustive state acceptance."
"agent-status-message","visual","AUTOMATED_CHECKS_PASSED","AUTOMATED_CHECKS_PASSED","AUTOMATED_CHECKS_PASSED","AUTOMATED_CHECKS_PASSED","Scenario evidence only; no screenshot-diff baseline or exhaustive state acceptance."
"assistant-ui-add-attachment-action","visual","AUTOMATED_CHECKS_PASSED","AUTOMATED_CHECKS_PASSED","AUTOMATED_CHECKS_PASSED","AUTOMATED_CHECKS_PASSED","Scenario evidence only; no screenshot-diff baseline or exhaustive state acceptance."
"assistant-ui-composer","visual","AUTOMATED_CHECKS_PASSED","AUTOMATED_CHECKS_PASSED","AUTOMATED_CHECKS_PASSED","AUTOMATED_CHECKS_PASSED","Scenario evidence only; no screenshot-diff baseline or exhaustive state acceptance."
"assistant-ui-copy-action","visual","AUTOMATED_CHECKS_PASSED","AUTOMATED_CHECKS_PASSED","AUTOMATED_CHECKS_PASSED","AUTOMATED_CHECKS_PASSED","Visible idle control; clipboard success/error not exercised."
"assistant-ui-dictation-action","visual","AUTOMATED_CHECKS_PASSED","AUTOMATED_CHECKS_PASSED","AUTOMATED_CHECKS_PASSED","AUTOMATED_CHECKS_PASSED","Deterministic Host adapter; real microphone/browser permission behavior not tested."
"assistant-ui-export-markdown-action","visual","AUTOMATED_CHECKS_PASSED","AUTOMATED_CHECKS_PASSED","AUTOMATED_CHECKS_PASSED","AUTOMATED_CHECKS_PASSED","Localized menu and viewport/theme boundary tested; downloaded file content not checked."
"assistant-ui-feedback-actions","visual","AUTOMATED_CHECKS_PASSED","AUTOMATED_CHECKS_PASSED","AUTOMATED_CHECKS_PASSED","AUTOMATED_CHECKS_PASSED","Host adapter makes controls available; persistence success/error not exercised."
"assistant-ui-lexical-composer-input","visual","AUTOMATED_CHECKS_PASSED","AUTOMATED_CHECKS_PASSED","AUTOMATED_CHECKS_PASSED","AUTOMATED_CHECKS_PASSED","Scenario evidence only; no screenshot-diff baseline or exhaustive state acceptance."
"assistant-ui-lexical-edit-composer","visual","AUTOMATED_CHECKS_PASSED","AUTOMATED_CHECKS_PASSED","AUTOMATED_CHECKS_PASSED","AUTOMATED_CHECKS_PASSED","Scenario evidence only; no screenshot-diff baseline or exhaustive state acceptance."
"assistant-ui-mention-trigger","visual","AUTOMATED_CHECKS_PASSED","AUTOMATED_CHECKS_PASSED","AUTOMATED_CHECKS_PASSED","AUTOMATED_CHECKS_PASSED","Scenario evidence only; no screenshot-diff baseline or exhaustive state acceptance."
"assistant-ui-message-footer","visual","AUTOMATED_CHECKS_PASSED","AUTOMATED_CHECKS_PASSED","AUTOMATED_CHECKS_PASSED","AUTOMATED_CHECKS_PASSED","Scenario evidence only; no screenshot-diff baseline or exhaustive state acceptance."
"assistant-ui-reasoning","visual","AUTOMATED_CHECKS_PASSED","AUTOMATED_CHECKS_PASSED","AUTOMATED_CHECKS_PASSED","AUTOMATED_CHECKS_PASSED","Scenario evidence only; no screenshot-diff baseline or exhaustive state acceptance."
"assistant-ui-reload-action","visual","AUTOMATED_CHECKS_PASSED","AUTOMATED_CHECKS_PASSED","AUTOMATED_CHECKS_PASSED","AUTOMATED_CHECKS_PASSED","Visible control; regeneration/branch persistence not exercised."
"assistant-ui-response-footer","visual","AUTOMATED_CHECKS_PASSED","AUTOMATED_CHECKS_PASSED","AUTOMATED_CHECKS_PASSED","AUTOMATED_CHECKS_PASSED","Scenario evidence only; no screenshot-diff baseline or exhaustive state acceptance."
"assistant-ui-slash-command-trigger","visual","AUTOMATED_CHECKS_PASSED","AUTOMATED_CHECKS_PASSED","AUTOMATED_CHECKS_PASSED","AUTOMATED_CHECKS_PASSED","Scenario evidence only; no screenshot-diff baseline or exhaustive state acceptance."
"assistant-ui-submit-action","visual","AUTOMATED_CHECKS_PASSED","AUTOMATED_CHECKS_PASSED","AUTOMATED_CHECKS_PASSED","AUTOMATED_CHECKS_PASSED","Scenario evidence only; no screenshot-diff baseline or exhaustive state acceptance."
"assistant-ui-tool-fallback","visual","AUTOMATED_CHECKS_PASSED","AUTOMATED_CHECKS_PASSED","AUTOMATED_CHECKS_PASSED","AUTOMATED_CHECKS_PASSED","Scenario evidence only; no screenshot-diff baseline or exhaustive state acceptance."
"assistant-ui-tool-group","visual","AUTOMATED_CHECKS_PASSED","AUTOMATED_CHECKS_PASSED","AUTOMATED_CHECKS_PASSED","AUTOMATED_CHECKS_PASSED","Scenario evidence only; no screenshot-diff baseline or exhaustive state acceptance."
"chart-message","visual","AUTOMATED_CHECKS_PASSED","AUTOMATED_CHECKS_PASSED","AUTOMATED_CHECKS_PASSED","AUTOMATED_CHECKS_PASSED","Scenario evidence only; no screenshot-diff baseline or exhaustive state acceptance."
"conversation-command-source","headless-integration","AUTOMATED_CHECKS_PASSED","AUTOMATED_CHECKS_PASSED","AUTOMATED_CHECKS_PASSED","AUTOMATED_CHECKS_PASSED","Source/locale identities and command popover tested; executing /new not checked."
"conversation-data-source","headless-integration","AUTOMATED_CHECKS_PASSED","AUTOMATED_CHECKS_PASSED","AUTOMATED_CHECKS_PASSED","AUTOMATED_CHECKS_PASSED","Scenario evidence only; no screenshot-diff baseline or exhaustive state acceptance."
"conversation-quote","visual","BLOCKED","BLOCKED","BLOCKED","BLOCKED","Scenario evidence only; no screenshot-diff baseline or exhaustive state acceptance."
"conversation-service","headless-integration","AUTOMATED_CHECKS_PASSED","AUTOMATED_CHECKS_PASSED","AUTOMATED_CHECKS_PASSED","AUTOMATED_CHECKS_PASSED","Scenario evidence only; no screenshot-diff baseline or exhaustive state acceptance."
"conversation-suggestions","visual","AUTOMATED_CHECKS_PASSED","AUTOMATED_CHECKS_PASSED","AUTOMATED_CHECKS_PASSED","AUTOMATED_CHECKS_PASSED","All stock suggestions captured; custom Host suggestions remain data."
"conversation-surface","visual","AUTOMATED_CHECKS_PASSED","AUTOMATED_CHECKS_PASSED","AUTOMATED_CHECKS_PASSED","AUTOMATED_CHECKS_PASSED","Scenario evidence only; no screenshot-diff baseline or exhaustive state acceptance."
"conversation-thread-list","visual","AUTOMATED_CHECKS_PASSED","AUTOMATED_CHECKS_PASSED","AUTOMATED_CHECKS_PASSED","AUTOMATED_CHECKS_PASSED","Known visible zh-CN gaps: New Thread and Search threads. Service loading is captured; skeleton is not displayed while HTTP list is pending."
"generated-file-message","visual","AUTOMATED_CHECKS_PASSED","AUTOMATED_CHECKS_PASSED","AUTOMATED_CHECKS_PASSED","AUTOMATED_CHECKS_PASSED","URL file card captured; encoded/media variants and downloads not tested."
"job-progress-message","visual","AUTOMATED_CHECKS_PASSED","AUTOMATED_CHECKS_PASSED","AUTOMATED_CHECKS_PASSED","AUTOMATED_CHECKS_PASSED","Scenario evidence only; no screenshot-diff baseline or exhaustive state acceptance."
"locale-provider","headless-integration","AUTOMATED_CHECKS_PASSED","AUTOMATED_CHECKS_PASSED","AUTOMATED_CHECKS_PASSED","AUTOMATED_CHECKS_PASSED","Scenario evidence only; no screenshot-diff baseline or exhaustive state acceptance."
"retrieval-chunks","visual","AUTOMATED_CHECKS_PASSED","AUTOMATED_CHECKS_PASSED","AUTOMATED_CHECKS_PASSED","AUTOMATED_CHECKS_PASSED","Scenario evidence only; no screenshot-diff baseline or exhaustive state acceptance."
"source-citations-message","visual","AUTOMATED_CHECKS_PASSED","AUTOMATED_CHECKS_PASSED","AUTOMATED_CHECKS_PASSED","AUTOMATED_CHECKS_PASSED","Scenario evidence only; no screenshot-diff baseline or exhaustive state acceptance."
"task-group","visual","AUTOMATED_CHECKS_PASSED","AUTOMATED_CHECKS_PASSED","AUTOMATED_CHECKS_PASSED","AUTOMATED_CHECKS_PASSED","Scenario evidence only; no screenshot-diff baseline or exhaustive state acceptance."
"theme-provider","headless-integration","AUTOMATED_CHECKS_PASSED","AUTOMATED_CHECKS_PASSED","AUTOMATED_CHECKS_PASSED","AUTOMATED_CHECKS_PASSED","Scenario evidence only; no screenshot-diff baseline or exhaustive state acceptance."
"theme-switch","visual","AUTOMATED_CHECKS_PASSED","AUTOMATED_CHECKS_PASSED","AUTOMATED_CHECKS_PASSED","AUTOMATED_CHECKS_PASSED","Scenario evidence only; no screenshot-diff baseline or exhaustive state acceptance."
"web-search","visual","AUTOMATED_CHECKS_PASSED","AUTOMATED_CHECKS_PASSED","AUTOMATED_CHECKS_PASSED","AUTOMATED_CHECKS_PASSED","Successful structured result captured; invalid-result and loading transitions not separately exercised."
